<?xml version="1.0" encoding="UTF-8" standalone="yes"?>
<addon id="plugin.video.bigmovies"
       name="大电影"
       version="0.0.1"
       provider-name="jindaxia">
  <requires>
    <import addon="script.module.xbmcswift2" version="2.4.0"/>
    <import addon="plugin.video.cntv-video" version="1.0.6"/>
  </requires>
  <extension point="xbmc.python.pluginsource" library="addon.py">
    <provides>video</provides>
  </extension>
  <extension point="xbmc.addon.metadata">
    <summary lang="zh-CN">大电影</summary>
    <description lang="en"></description>
    <platform>all</platform>
    <website><![CDATA[https://github.com/jindaxia/plugin.video.rrmj]]></website>
    <forum></forum>
    <source><![CDATA[https://github.com/jindaxia/plugin.video.rrmj]]></source>
  </extension>
</addon>
