<?xml version="1.0" encoding="UTF-8" standalone="yes"?>
<addon id="plugin.audio.kuwo"
    name="酷我音乐"
    version="2.2.4"
    provider-name="yfang1644">
    <requires>
        <import addon="script.module.beautifulsoup4" version="4.3.2"/>
        <import addon="plugin.video.cntv-video" version="1.0.0" optional="true"/>
    </requires>
    <extension
        point="xbmc.python.pluginsource" library="default.py">
        <provides>audio</provides>
    </extension>
    <extension point="xbmc.addon.metadata">
        <summary lang="en">kuwo audio plugin</summary>
        <summary lang="zh">酷我音乐</summary>
        <description>（www.kuwo.cn）</description>
        <source>https://github.com/yfang1644/kodi_plugins/plugin.audio.kuwo</source>
		<email>yfang1644@gmail.com</email>
        <platform>all</platform>
    </extension>
</addon>
