<?xml version="1.0" encoding="UTF-8" standalone="yes"?>
<addon id="plugin.audio.baidu"
    name="百度音乐"
    version="1.0.1"
    provider-name="yfang1644">
    <requires>
        <import addon="script.module.xbmcswift2" version="2.4.0"/>
        <import addon="plugin.video.cntv-video" version="1.0.6"/>
    </requires>

    <extension point="xbmc.python.pluginsource" library="default.py">
        <provides>audio</provides>
    </extension>
    <extension point="xbmc.addon.metadata">
        <summary>BaiduRadio audio plugin</summary>
        <summary lang="zh">百度音乐插件</summary>
        <description>Baidu Music Kodi Plugin</description>
        <description lang="zh">百度音乐插件</description>
        <source>https://github.com/yfang1644/kodi_plugins/plugin.audio.baidu</source>
		<email>yfang1644@gmail.com</email>
        <platform>all</platform>
    </extension>
</addon>
