<?xml version="1.0" encoding="UTF-8" standalone="yes"?>
<addon id="plugin.video.mgtv"
    name="芒果TV"
    version="1.1.2"
    provider-name="yfang1644">
    <requires>
        <import addon="script.module.xbmcswift2" version="2.4.0"/>
        <import addon="script.module.beautifulsoup4" version="4.3.2"/>
        <import addon="script.module.geturl" version="1.0.0"/>
    </requires>
    <extension point="xbmc.python.pluginsource" library="default.py">
        <provides>video</provides>
    </extension>
    <extension point="xbmc.python.module" library="lib"/>
    <extension point="xbmc.addon.metadata">
        <summary lang="en">Mangguo Video plugin</summary>
        <summary lang="zh">MGTV 视频插件</summary>
        <description lang="en">Online videos from tv.sohu.com</description>
        <description lang="zh">本插件视频解析自芒果TV网站(www.mgtv.com)</description>
        <source>https://github.com/yfang1644/kodi_plugins/plugin.video.mgtv</source>
		<email>yfang1644@gmail.com</email>
        <platform>all</platform>
    </extension>
</addon>
