<?xml version="1.0" encoding="UTF-8" standalone="yes"?>
<addon id="plugin.video.huya"
    name="虎牙直播"
    version="0.9.2"
    provider-name="yfang1644">
    <requires>
        <import addon="script.module.xbmcswift2" version="2.4.0"/>
        <import addon="script.module.geturl" version="1.0.0"/>
    </requires>
    <extension point="xbmc.python.pluginsource" library="default.py">
        <provides>video</provides>
    </extension>
    <extension point="xbmc.addon.metadata">
        <summary lang="en">HUYA live video plugin</summary>
        <summary lang="zh">虎牙直播间(影视)插件</summary>
        <description lang="en">live from www.huya.com</description>
        <description lang="zh">虎牙直播提供一起看电影电视剧原创视频在线直播平台，给用户在线一起看直播，一起看电影直播，一起看电视剧直播，一起看原创视频直播，虎牙一起看，打造全平台娱乐一起看直播，来虎牙一起看专区，全天不间断直播电影电视剧！</description>
        <source>https://github.com/yfang1644/kodi_plugins/plugin.video.huya</source>
        <email>yfang1644@gmail.com</email>
        <platform>all</platform>
    </extension>
</addon>
