<?xml version="1.0" encoding="UTF-8" standalone="yes"?>
<addon id="plugin.video.funshion"
    name="风行视频(Funshion)"
    version="2.1.0"
    provider-name="yfang1644">
    <requires>
        <import addon="script.module.xbmcswift2" version="2.4.0"/>
        <import addon="script.module.beautifulsoup4" version="4.3.2"/>
        <import addon="script.module.geturl" version="1.0.0"/>
    </requires>
    <extension point="xbmc.python.pluginsource" library="default.py">
        <provides>video</provides>
    </extension>
    <extension point="xbmc.python.module" library="lib"/>
    <extension point="xbmc.addon.metadata">
        <summary lang="en">Funshion Video plugin</summary>
        <summary lang="zh">风行网视频插件</summary>
        <description lang="en">Online videos from www.funshion.com</description>
        <description lang="zh">来自风行网（www.funshion.com）的网络视频内容。</description>
        <source>https://github.com/yfang1644/kodi_plugins/plugin.video.funshion</source>
        <email>yfang1644@gmail.com</email>
        <platform>all</platform>
    </extension>
</addon>
