<?xml version="1.0" encoding="UTF-8" standalone="yes"?>
<addon id="plugin.video.youkutv"
    name="YouKu TV" version="1.8.0"
    provider-name="catro, yfang1644">
    <requires>
        <import addon="xbmc.python" version="2.1.0"/>
        <import addon="script.common.plugin.cache" version="0.9.1"/>
        <import addon="script.module.geturl" version="1.0.0"/>
        <import addon="plugin.video.youku" version="1.1.0"/>
    </requires>
    <extension point="xbmc.python.script" library="addon.py">
        <provides>video</provides>
    </extension>
    <extension point="xbmc.addon.metadata">
        <language></language>
        <summary>优酷TV</summary>
        <description>优酷视频是中国最大的视频分享网站</description>
        <source>https://github.com/yfang1644/kodi_plugins/plugin.vide.youkutv</source>
		<email>yfang1644@gmail.com</email>
        <platform>all</platform>
  </extension>
</addon>
