<?xml version="1.0" encoding="UTF-8" standalone="yes"?>
<addon id="plugin.video.iqiyi"
    name="爱奇艺视频(IQIYI)"
    version="2.2.9"
    provider-name="yfang1644">
    <requires>
        <import addon="script.module.beautifulsoup4" version="4.3.2"/>
        <import addon="plugin.video.cntv-video" version="1.0.6"/>
    </requires>
    <extension point="xbmc.python.pluginsource" library="default.py">
        <provides>video</provides>
    </extension>
    <extension point="xbmc.addon.metadata">
        <summary lang="en">IQIYI Video plugin</summary>
        <summary lang="zh">爱奇艺视频插件</summary>
        <description lang="en">IQIYI (iqiyi.com) was founded by Baidu- world's the largest Chinese search engine, invested by Providence Equity Partners-U.S. private equity, QIYI is the first professional website dedicated to providing free, high-definition network video services.</description>
        <description lang="zh">爱奇艺(iqiyi.com)是由百度创立的大型专业网站，专注于提供免费、高清网络视频服务。奇艺的优质版权视频丰富多元，涵盖了电影、电视剧、综艺、纪录片、动漫、旅游等众多内容形态。</description>
        <source>https://github.com/yfang1644/kodi_plugins/plugin.video.iqiyi</source>
		<email>yfang1644@gmail.com</email>
        <platform>all</platform>
    </extension>
</addon>
