<?xml version="1.0" encoding="UTF-8" standalone="yes"?>
<addon id="plugin.video.youkuvideo" name="网络视频插件"
    version="1.0.0" provider-name="yfang1644">
  <requires>
    <import addon="script.module.xbmcswift2" version="2.4.0"/>
  </requires>
  <extension point="xbmc.python.pluginsource" library="addon.py">
    <provides>video</provides>
  </extension>
  <extension point="xbmc.addon.metadata">
    <platform>all</platform>
    <language></language>
    <summary lang="en">Fork from YouKu Video by tacy.lee</summary>
    <summary lang="zh">另一个优酷视频插件</summary>
    <description lang="en"> YoukuVideo plugin support all channels play and video search. </description>
    <description lang="zh">[CR]1. 插件支持优酷全频道播放 [CR]2. 视频搜索(搜酷搜索引擎) [CR]3. 多播放源支持，包括优酷/搜狐/腾讯/爱奇艺/乐视/土豆/PPS</description>
  </extension>
</addon>
