<?xml version="1.0" encoding="UTF-8" standalone="yes"?>
<addon id="plugin.video.ku6video"
    name="酷6视频库"
    version="1.0.0"
    provider-name="yfang1644">
    <requires>
        <import addon="script.module.beautifulsoup4" version="4.3.2"/>
        <import addon="plugin.video.cntv-video" version="1.0.6"/>
    </requires>
    <extension point="xbmc.python.pluginsource" library="default.py">
        <provides>video</provides>
    </extension>
    <extension point="xbmc.addon.metadata">
        <summary lang="en">ku6 videobase plugin</summary>
        <summary lang="zh">酷6 视频插件</summary>
        <description lang="en">Online videos from my.ku6.com</description>
        <description lang="zh">本插件视频解析自my.ku6.com/videobase</description>
        <source>https://github.com/yfang1644/kodi_plugins/plugin.video.ku6video</source>
		<email>yfang1644@gmail.com</email>
        <platform>all</platform>
    </extension>
</addon>
