<?xml version='1.0' encoding='UTF-8' standalone='yes'?>
<addon id="script.module.geturl"
    name="CHVideo getURL"
    provider-name="yfang1644"
    version="2.0.0">
  <requires>
    <import addon="xbmc.python" version="2.24.0" />
  </requires>
  <extension point="xbmc.python.module" library="lib" />
  <extension point="xbmc.addon.metadata">
    <platform>all</platform>
    <summary lang="en">Common module for chinese video/audio api.</summary>
    <source>https://github.com/yfang1644/kodi_plugins/script.module.geturl</source>
    <email>yfang1644@gmail.com</email>
  </extension>
</addon>
