<?xml version="1.0" encoding="UTF-8" standalone="yes"?>
<addon id="plugin.video.cntv-video"
    name="CNTV 视频"
    version="1.2.0"
    provider-name="yfang1644">
    <requires>
        <import addon="script.module.beautifulsoup4" version="4.3.2"/>
        <import addon="script.module.geturl" version="1.0.0"/>
        <import addon="plugin.video.iqiyi" version="2.4.0"/>
        <import addon="plugin.video.qq" version="1.1.0"/>"
        <import addon="plugin.video.funshion" version="2.1.0"/>
        <import addon="plugin.video.youku" version="1.1.0"/>
        <import addon="plugin.video.pptv" version="2.1.0"/>
        <import addon="plugin.video.mgtv" version="1.1.0"/>
        <import addon="plugin.video.letv" version="2.1.0"/>
        <import addon="plugin.video.sohuvideo" version="2.6.0"/>
    </requires>
    <extension point="xbmc.python.pluginsource" library="default.py">
        <provides>video</provides>
    </extension>
    <extension point="xbmc.python.module" library="lib"/>
    <extension point="xbmc.addon.metadata">
        <summary lang="en">CNTV video plugin</summary>
        <summary lang="zh">CNTV 视频插件</summary>
        <description lang="en">Online videos from tv.cntv.cn</description>
        <description lang="zh">本插件视频解析CNTV网站(tv.cntv.cn)</description>
        <source>https://github.com/yfang1644/kodi_plugins/plugin.video.cntv-video</source>
		<email>yfang1644@gmail.com</email>
        <platform>all</platform>
    </extension>
</addon>
