<?xml version="1.0" encoding="UTF-8" standalone="yes"?>
<addon id="plugin.audio.qingting"
    name="蜻蜓FM"
    version="1.0.1"
    provider-name="yfang1644">
    <requires>
        <import addon="script.module.xbmcswift2" version="2.4.0"/>
    </requires>

    <extension point="xbmc.python.pluginsource" library="addon.py">
        <provides>audio</provides>
    </extension>
    <extension point="xbmc.addon.metadata">
        <summary>QingTing FM plugin for kodi</summary>
        <summary lang="zh">蜻蜓fm插件</summary>
        <description>QingTing FM plugin for kodi</description>
        <description lang="zh">蜻蜓fm插件</description>
        <source>https://github.com/yfang1644/kodi_plugins/plugin.audio.baidu</source>
		<email>yfang1644@gmail.com</email>
        <platform>all</platform>
    </extension>
</addon>
