<?xml version="1.0" encoding="UTF-8" standalone="yes"?>
<addon id="plugin.video.letv"
    name="乐视网 (LeTV)"
    version="2.0.0"
    provider-name="yfang1644">
  	<requires>
        <import addon="script.module.beautifulsoup4" version="4.3.2"/>
        <import addon="script.module.xbmcswift2" version="2.4.0"/>
        <import addon="plugin.video.cntv-video" version="1.0.6"/>
    </requires>
    <extension
        point="xbmc.python.pluginsource"
        library="default.py">
        <provides>video</provides>
    </extension>
    <extension point="xbmc.addon.metadata">
        <summary lang="en">LeTV video plugin</summary>
        <summary lang="zh">乐视网插件</summary>
        <description lang="en">Letv video plugin[CR][CR]LeTV.com (Chinese: 乐视网), operated by Beijing LeTV Mobile Media and Technology Co. Ltd, is an online video portal in Beijing. It offers online video programs and movie viewing through legal channels.</description>
        <description lang="zh">Letv video plugin[CR][CR]乐视网(LeTV.com)是以正版,高清影视剧为主的视频门户网站,为用户提供正版高清电影,电视剧,动漫,综艺,娱乐等视频在线观看,视频分享,视频搜索等服务</description>
        <source>https://github.com/yfang1644/kodi_plugins/plugin.video.letv</source>
        <email>yfang1644@gmail.com</email>
        <platform>all</platform>
    </extension>
</addon>
