<?xml version="1.0" encoding="UTF-8" standalone="yes"?>
<addon id="plugin.video.rrmj"
       name="人人美剧"
       version="0.3.4"
       provider-name="jindaxia,yfang1644">
    <requires>
        <import addon="script.module.xbmcswift2" version="2.4.0"/>
        <import addon="script.module.keyboard.chinese" version="2.0.4" optional="true"/>
       <import addon="plugin.video.cntv-video" version="1.0.0"/>
    </requires>
    <extension point="xbmc.python.pluginsource" library="default.py">
        <provides>video</provides>
    </extension>
    <extension point="xbmc.addon.metadata">
        <summary lang="zh-CN">由人人影视转型后专门为美剧迷们打造的高质量讨论交流社区</summary>
        <description>由人人影视转型后专门为美剧迷们打造的高质量讨论交流社区</description>
        <website><![CDATA[https://github.com/jindaxia/plugin.video.rrmj]]></website>
        <forum></forum>
        <source>https://github.com/yfang1644/kodi_plugins/plugin.video.rrmj</source>
		<email>yfang1644@gmail.com</email>
        <platform>all</platform>
  </extension>
</addon>
