<?xml version="1.0" encoding="UTF-8" standalone="yes"?>
<addon id="plugin.video.cntv-live"
    name="中国网络电视台 CNTV" version="3.0.1"
    provider-name="yfang1644">
    <requires>
        <import addon="script.module.xbmcswift2" version="2.4.0"/>
        <import addon="script.module.geturl" version="2.0.0"/>
    </requires>

    <extension point="xbmc.python.pluginsource" library="default.py">
        <provides>video</provides>
    </extension>
    
    <extension point="xbmc.service" library="epgservice.py" start="login" />
    
    <extension point="xbmc.addon.metadata">
        <summary lang="en">CNTV Live video plugin</summary>
        <summary lang="zh">中国网络电视台直播</summary>
        <description lang="en">Stream live TV.</description>
        <description lang="zh">中国网络电视台直播</description>
        <disclaimer lang="en"></disclaimer>
        <language></language>
        <license>GNU GENERAL PUBLIC LICENSE, Version 3, 29 June 2007</license>
        <forum></forum>
        <website></website>
        <source>https://github.com/yfang1644/kodi_plugins/plugin.video.cntv-live</source>
        <email>yfang1644@gmail.com</email>
        <platform>all</platform>
    </extension>
</addon>
