<?xml version="1.0" encoding="UTF-8" standalone="yes"?>
<addon id="plugin.audio.radiocn"
    name="中国广播(Radiocn)"
    version="1.0"
    provider-name="osfans,yfang1644">
    <extension point="xbmc.python.pluginsource" library="default.py">
        <provides>audio</provides>
    </extension>
    <extension point="xbmc.addon.metadata">
        <summary lang="en">Radio.cn audio plugin</summary>
        <summary lang="zh">央广娱乐音频</summary>
        <description>中国广播Radio.cn是中央人民广播电台、央广新媒体文化传媒（北京）有限公司建设；中国广播依托全国广播、电视、媒体、版权公司等优势资源；中国广播借助中国广播联盟、全球华语广播联盟、高校广播联盟等协会组织的支持；面向行业单位、广播听众、互联网用户、以及手机车载社交等新兴媒体用户提供的娱乐和运营综合集成服务平台。中国广播集成平台具备全媒体音视频各项牌照，提供中国广播Radio.cn网站、中国广播客户端、集成平台管理系统、广播音频节目发布及制播系统等多项业务和服务</description>
        <source>https://github.com/yfang1644/kodi_plugins/blob/master/plugin.audio.radiocn</source>
        <email>yfang1644@gmail.com</email>
        <platform>all</platform>
    </extension>
</addon>
