<?xml version="1.0" encoding="UTF-8" standalone="yes"?>
<addon id="plugin.audio.kuwobox"
    name="酷我音乐盒(KuwoBox)"
    version="1.1.5"
    provider-name="Robinttt, D744000, Osfans,yfang1644">
    <extension point="xbmc.python.pluginsource" library="default.py">
        <provides>audio</provides>
    </extension>
    <extension point="xbmc.addon.metadata">
        <summary>KuwoBox audio plugin</summary>
        <summary lang="zh">酷我音乐盒音乐插件</summary>
        <description>KuwoBox audio plugin</description>
        <description lang="zh">酷我音乐盒在线音乐</description>
        <source>https://github.com/yfang1644/kodi_plugins/plugin.audio.kuwobox</source>
        <email>yfang1644@gmail.com</email>
        <platform>all</platform>
    </extension>
</addon>
