<?xml version="1.0" encoding="UTF-8" standalone="yes"?>
<addon id="plugin.audio.ximalaya"
    name="喜马拉雅FM" version="1.0.2"
    provider-name="yfang1644">
    <requires>
        <import addon="script.module.simplejson" version="3.3.0"/>
        <import addon="script.module.beautifulsoup4" version="4.3.2"/>
        <import addon="plugin.video.cntv-video" version="1.0.0"/>
    </requires>
    <extension point="xbmc.python.pluginsource" library="default.py">
        <provides>audio</provides>
    </extension>
    <extension point="xbmc.addon.metadata">
        <language></language>
        <summary lang="en">Ximalaya Audio plugin</summary>
        <summary lang="zh">喜马拉雅FM 音频插件</summary>
        <description lang="en">.</description>
        <description lang="zh">.</description>
        <source>https://github.com/yfang1644/kodi_plugins/plugin.audio.ximalaya</source>
		<email>yfang1644@gmail.com</email>
        <platform>all</platform>
  </extension>
</addon>
