<?xml version="1.0" encoding="UTF-8" standalone="yes"?>
<addon id="repository.xbmc-chinese-videos"
    name="Audio-Video Add-ons" version="1.0.0"
    provider-name="yfang1644">
    <extension point="xbmc.addon.repository" name="Audio-Video Add-ons">
        <info compressed="true">https://github.com/yfang1644/kodi_plugins/blob/master/addons.xml</info>
        <checksum>https://github.com/yfang1644/kodi_plugins/blob/master/addons.xml.md5</checksum>
        <datadir>https://github.com/yfang1644/kodi_plugins/blob/master</datadir>
    </extension>
    <extension point="xbmc.addon.metadata">
        <summary>Audio-Video Chinese Add-ons Repository</summary>
        <summary lang="zh">一些中文音视频插件, fork 自taxigps的中文插件库</summary>
        <description></description>
        <description lang="zh"></description>
        <disclaimer>Not for commercial use. Use at own risk</disclaimer>
        <disclaimer lang="zh">仅供娱乐</disclaimer>
        <source>https://github.com/yfang1644/kodi_plugins/blob/master/repository.xbmc-chinese-videos</source>
		<email>yfang1644@gmail.com</email>
        <platform>all</platform>
    </extension>
</addon>
