<?xml version="1.0" encoding="UTF-8" standalone="yes"?>
<addon id="plugin.video.bilivideo"
    name="哔哩哔哩影视"
    version="0.9.0"
    provider-name="yfang1644">
    <requires>
        <import addon="script.module.xbmcswift2" version="2.4.0"/>
        <import addon="script.module.beautifulsoup4" version="4.3.2"/>
        <import addon="script.module.geturl" version="2.0.0"/>
        <import addon="plugin.video.qq" version="1.1.0"/>
    </requires>
    <extension point="xbmc.python.pluginsource" library="default.py">
        <provides>video</provides>
    </extension>
    <extension point="xbmc.python.module" library="lib"/>
    <extension point="xbmc.addon.metadata">
        <platform>all</platform>
        <summary lang="en">Plugin for bilibili</summary>
        <summary lang="zh">bilibili视频插件(影视部分)</summary>
        <description lang="en">Online movie/drama from www.bilibili.com</description>
        <description lang="zh">视频来源：www.bilibili.com</description>
        <source>https://github.com/yfang1644/kodi_plugins/plugin.video.bilivideo</source>
    </extension>
</addon>
