<?xml version="1.0" encoding="UTF-8" standalone="yes"?>
<addon id="plugin.audio.tingban"
    name="听伴"
    version="1.0.0"
    provider-name="yfang1644">
    <requires>
        <import addon="script.module.xbmcswift2" version="2.4.0"/>
    </requires>
    <extension point="xbmc.python.pluginsource" library="addon.py">
        <provides>audio</provides>
    </extension>
    <extension point="xbmc.addon.metadata">
        <summary lang="en">tingban audio plugin</summary>
        <summary lang="zh">听伴 (考拉)</summary>
        <source>https://github.com/yfang1644/kodi_plugins/plugin.audio.tingban</source>
        <email>yfang1644@gmail.com</email>
        <platform>all</platform>
    </extension>
</addon>
