<?xml version="1.0" encoding="UTF-8" standalone="yes"?>
<addon id="plugin.video.sohuvideo"
    name="搜狐视频(SoHu)"
    version="2.5.0"
    provider-name="Taxigps,yfang1644">
    <requires>
        <import addon="script.module.xbmcswift2" version="2.4.0"/>
        <import addon="script.module.beautifulsoup4" version="4.3.2"/>
        <import addon="plugin.video.cntv-video" version="1.0.6"/>
    </requires>
    <extension
        point="xbmc.python.pluginsource" library="default.py">
        <provides>video</provides>
    </extension>
    <extension point="xbmc.addon.metadata">
        <summary lang="en">SoHu Video plugin</summary>
        <summary lang="zh">搜狐视频插件</summary>
        <description lang="en">Online videos from tv.sohu.com</description>
        <description lang="zh">搜狐视频网站(tv.sohu.com)提供正版在线观看高清电影、高清电视剧、高清纪录片，包括正在影院热映，电视热播的最新大片，多年来最受网友喜欢的经典影视作品，国内外品质优秀的历史，地理，探索等纪录片。</description>
        <source>https://github.com/yfang1644/kodi_plugins/plugin.video.sohuvideo</source>
		<email>yfang1644@gmail.com</email>
        <platform>all</platform>
    </extension>
</addon>
