<?xml version="1.0" encoding="UTF-8" standalone="yes"?>
<addon id="plugin.video.my-addon"
    name="Add-on training" version="1.2.4"
    provider-name="yfang1644">
    <requires>
        <import addon="xbmc.python" version="2.1.0"/>
    </requires>
    <extension point="xbmc.python.pluginsource" library="addon.py">
        <provides>video</provides>
    </extension>
    <extension point="xbmc.addon.metadata">
        <summary lang="en_gb">Your add-on's summary</summary>
        <description lang="en_gb">Your add-on's description</description>
        <disclaimer lang="en_gb"></disclaimer>
        <language></language>
        <license></license>
        <forum></forum>
        <website></website>
        <source>https://github.com/yfang1644/kodi_plugins/tree/master/plugin.video.my-addon</source>
        <email>yfang1644@gmail.com</email>
        <platform>all</platform>
        <news>XXXXX XXXXX</news>
        <assets>
            <icon>icon.png</icon>
            <fanart>fanart.jpg</fanart>
            <screenshot>resources/screenshot-01.jpg</screenshot>
            <screenshot>resources/screenshot-02.jpg</screenshot>
            <screenshot>resources/screenshot-03.jpg</screenshot>
        </assets>
    </extension>
</addon>
