<?xml version="1.0" encoding="UTF-8" standalone="yes"?>
<addon id="plugin.video.rrsp"
       name="人人视频"
       version="1.0.1"
       provider-name="yfang1644">
    <requires>
        <import addon="script.module.xbmcswift2" version="2.4.0"/>
       <import addon="plugin.video.cntv-video" version="1.0.6"/>
    </requires>
    <extension point="xbmc.python.pluginsource" library="default.py">
        <provides>video</provides>
    </extension>
    <extension point="xbmc.addon.metadata">
        <summary lang="zh-CN">人人视频</summary>
        <description>人人视频</description>
        <forum></forum>
        <source>https://github.com/yfang1644/kodi_plugins/plugin.video.rrsp</source>
		<email>yfang1644@gmail.com</email>
        <platform>all</platform>
  </extension>
</addon>
