<?xml version="1.0" encoding="UTF-8" standalone="yes" ?>
<addon id="plugin.audio.kugoufm"
	name="酷狗电台(KugouFM)"
    version="1.0.1"
    provider-name="yfang1644">
    <requires>
        <import addon="script.module.xbmcswift2" version="2.4.0"/>
    </requires>
	<extension point="xbmc.python.pluginsource" library="addon.py">
        <provides>audio</provides>
    </extension>
    <extension point="xbmc.addon.metadata">
        <summary>kugou fm audio plugin</summary>
        <summary lang="zh">酷狗电台插件</summary>
        <description>kugou fm audio plugin</description>
        <description lang="zh">酷狗电台频道,数十个音乐电台为你精心打造,带你邂逅喜爱的音乐,享受随意听音乐的精彩。</description>
        <source>https://github.com/yfang1644/kodi_plugins/plugin.audio.kugoufm</source>
		<email>yfang1644@gmail.com</email>
        <platform>all</platform>
    </extension>
</addon>
