<?xml version="1.0" encoding="UTF-8" standalone="yes"?>
<addon id="plugin.video.tudou"
    name="土豆(Tudou)"
    version="1.0.1"
    provider-name="yfang1644">
    <requires>
        <import addon="script.module.xbmcswift2" version="2.4.0"/>
        <import addon="script.module.beautifulsoup4" version="4.3.2"/>
        <import addon="plugin.video.cntv-video" version="1.0.9"/>
    </requires>
    <extension
        point="xbmc.python.pluginsource" library="addon.py">
        <provides>video</provides>
    </extension>
    <extension point="xbmc.addon.metadata">
        <summary lang="en">Tudou video plugin</summary>
        <summary lang="zh">土豆在线视频</summary>
        <description lang="en">Online videos from www.tudou.com</description>
        <description lang="zh">每个人都是生活的导演</description>
        <source>https://github.com/yfang1644/kodi_plugins/plugin.video.tudou</source>
		<email>yfang1644@gmail.com</email>
        <platform>all</platform>
    </extension>
</addon>
