<?xml version="1.0" encoding="UTF-8" standalone="yes"?>
<addon id="plugin.video.bilibili2"
    name="哔哩哔哩(bilibili2)"
    version="1.0.4"
    provider-name="Catro,yfang1644">
    <requires>
        <import addon="script.module.xbmcswift2" version="2.4.0"/>
        <import addon="script.module.beautifulsoup4" version="4.3.2"/>
        <import addon="plugin.video.cntv-video" version="1.0.1"/>
    </requires>
    <extension point="xbmc.python.pluginsource" library="addon.py">
        <provides>video</provides>
    </extension>
    <extension point="xbmc.addon.metadata">
        <platform>all</platform>
        <summary lang="en">Plugin for bilibili</summary>
        <summary lang="zh">bilibili视频插件</summary>
        <description lang="en">Online video from www.bilibili.com</description>
        <description lang="zh">视频来源：www.bilibili.com</description>
        <source>https://github.com/yfang1644/kodi_plugins/plugin.video.bilibili2</source>
    </extension>
</addon>
