<?xml version="1.0" encoding="UTF-8" standalone="yes"?>
<addon id="plugin.video.baidu"
    name="百度视频"
    version="1.0.0"
    provider-name="yfang1644">
    <requires>
        <import addon="script.module.xbmcswift2" version="2.4.0"/>
        <import addon="script.module.beautifulsoup4" version="4.3.2"/>
        <import addon="plugin.video.cntv-video" version="1.0.6"/>
    </requires>

    <extension point="xbmc.python.pluginsource" library="addon.py">
        <provides>video</provides>
    </extension>
    <extension point="xbmc.addon.metadata">
        <summary lang="en">plugin for v.baidu.com</summary>
        <summary lang="zh">百度视频</summary>
        <description lang="en">Kodi plugin for v.baidu.com</description>
        <description lang="zh">百度削刮的视频</description>
        <source>https://github.com/yfang1644/kodi_plugins/plugin.video.baidu</source>
        <email>yfang1644@gmail.com</email>
        <platform>all</platform>
    </extension>
</addon>
