<?xml version="1.0" encoding="UTF-8" standalone="yes"?>
<addon id="plugin.video.yinyuetai"
    name="音悦台MV(YinYueTai)"
    version="1.7.9"
    provider-name="cmeng (originator: Skyemperor),yfang1644">
    <requires>
        <import addon="script.module.simplejson" version="3.3.0"/>
    </requires>
    <extension
        point="xbmc.python.pluginsource"
        library="default.py">
        <provides>video</provides>
    </extension>
    <extension point="xbmc.addon.metadata">
        <summary lang="en">YinYueTai video plugin</summary>
        <summary lang="zh">音悦台视频插件</summary>
        <description lang="en">Online MV from yinyuetai.com[CR][CR]To Enable Video Auto Playback Option:[CR]---------------------------------[CR]- Navigate to Add-on settings[CR]- Video Continuous Playback: Enable/Disable</description>
        <description lang="zh">观看音悦台在线MV[CR][CR]视频自动播放说明：[CR]--------------------------------[CR]- 找到 Add-on settings 文件列表[CR]- 选择视频连续播放": 是/否</description>
        <source>https://github.com/yfang1644/kodi_plugins/blob/master/plugin.video.yinyuetai</source>
		<email>yfang1644@gmail.com</email>
        <platform>all</platform>
    </extension>
</addon>