<?xml version="1.0" encoding="UTF-8" standalone="yes"?>
<addon id="plugin.video.youku2"
    name="优酷视频2(YouKu2)" version="1.0.1"
    provider-name="yfang1644">
    <requires>
		<import addon="script.module.beautifulsoup4" version="4.3.2"/>
        <import addon="plugin.video.cntv-video" version="1.0.6"/>
    </requires>
    <extension point="xbmc.python.pluginsource" library="default.py">
        <provides>video</provides>
    </extension>
    <extension point="xbmc.addon.metadata">
        <language></language>
        <summary lang="en">YouKu Video (plain version)</summary>
        <summary lang="zh">优酷视频插件(平铺版)</summary>
        <description lang="en">YouKu is china's largest video sharing site.</description>
        <description lang="zh">优酷视频</description>
        <source>https://github.com/yfang1644/kodi_plugins/plugin.video.youku2</source>
		<email>yfang1644@gmail.com</email>
        <platform>all</platform>
  </extension>
</addon>
