<window type="window">
    <defaultcontrol>920</defaultcontrol>
    <coordinates>
        <system>1</system>
        <posx>0</posx>
        <posy>0</posy>
    </coordinates>
    <allowoverlay>no</allowoverlay>
    <controls>
        <control type="image">
            <description>background</description>
            <posx>0</posx>
            <posy>0</posy>
            <width>1280</width>
            <height>720</height>
            <texture>bg.png</texture>
        </control>
        <control type="image">
            <description>sub-backgroung</description>
            <posx>0</posx>
            <posy>0</posy>
            <width>213</width>
            <height>720</height>
            <texture>search_left_background_1080.png</texture>
        </control>
        <control type="image" id="901">
            <description>channel-icon</description>
            <posx>20</posx>
            <posy>20</posy>
            <width>36</width>
            <height>36</height>
            <aspectratio>stretch</aspectratio>
        </control>
        <control type="label" id="902">
            <description>channel-title</description>
            <posx>65</posx>
            <posy>20</posy>
            <width>340</width>
            <height>60</height>   
            <font>font30</font>
            <textcolor>ff005194</textcolor>
            <align>left</align>
            <aligny>top</aligny>
        </control>
        <control type="panel" id="903">
            <description>filter</description>
            <posx>270</posx>
            <posy>40</posy>
            <width>1000</width>
            <height>36</height>
            <viewtype>list</viewtype>
            <onleft>910</onleft>
            <ondown>920</ondown>
            <itemlayout width="140" height="36">
                <control type="image">
                    <posx>0</posx>
                    <posy>0</posy>
                    <width>120</width>
                    <height>36</height>        
                    <texture>channel_button_normal_720.png</texture>
                    <aspectratio>stretch</aspectratio>
                </control>    
                <control type="label">
                    <posx>0</posx>
                    <posy>0</posy>
                    <width>120</width>
                    <height>36</height>   
                    <font>font16</font>
                    <textcolor>white</textcolor>
                    <selectedcolor>ff0080ff</selectedcolor>
                    <shadowcolor>80000000</shadowcolor>
                    <align>center</align>
                    <aligny>center</aligny>
                    <info>ListItem.Label</info>
                </control>
            </itemlayout>
            <focusedlayout width="140" height="36">
                <control type="image">
                    <posx>0</posx>
                    <posy>0</posy>
                    <width>120</width>
                    <height>36</height>        
                    <texture>channel_button_focus_720.png</texture>
                    <aspectratio>stretch</aspectratio>
                </control>    
                <control type="label">
                    <posx>0</posx>
                    <posy>0</posy>
                    <width>120</width>
                    <height>36</height>   
                    <font>font16</font>
                    <textcolor>white</textcolor>
                    <selectedcolor>ff0080ff</selectedcolor>
                    <shadowcolor>80000000</shadowcolor>
                    <align>center</align>
                    <aligny>center</aligny>
                    <info>ListItem.Label</info>
                </control>
            </focusedlayout>
        </control>
        <control type="panel" id="910">
            <description>sub-type</description>
            <posx>0</posx>
            <posy>80</posy>
            <width>200</width>
            <height>600</height>
            <viewtype>list</viewtype>
            <onright>920</onright>
            <itemlayout width="200" height="65">
                <control type="image">
                    <posx>20</posx>
                    <posy>0</posy>
                    <width>160</width>
                    <height>1</height>        
                    <texture>channel_bule_line.png</texture>
                    <aspectratio>stretch</aspectratio>
                </control>    
                <control type="label">
                    <posx>0</posx>
                    <posy>0</posy>
                    <width>200</width>
                    <height>65</height>   
                    <font>font30</font>
                    <textcolor>white</textcolor>
                    <selectedcolor>ff0080ff</selectedcolor>
                    <shadowcolor>80000000</shadowcolor>
                    <align>center</align>
                    <aligny>center</aligny>
                    <info>ListItem.Label</info>
                </control>
            </itemlayout>
            <focusedlayout width="200" height="65">
                <control type="image">
                    <posx>20</posx>
                    <posy>0</posy>
                    <width>160</width>
                    <height>1</height>        
                    <texture>channel_bule_line.png</texture>
                    <aspectratio>stretch</aspectratio>
                </control>    
                <control type="image">
                    <posx>0</posx>
                    <posy>0</posy>
                    <width>200</width>
                    <height>65</height>        
                    <texture>channel_tab_focus.png</texture>
                    <aspectratio>stretch</aspectratio>
                </control>    
                <control type="label">
                    <posx>0</posx>
                    <posy>0</posy>
                    <width>200</width>
                    <height>65</height>   
                    <font>font30</font>
                    <textcolor>white</textcolor>
                    <selectedcolor>ff0080ff</selectedcolor>
                    <shadowcolor>80000000</shadowcolor>
                    <align>center</align>
                    <aligny>center</aligny>
                    <info>ListItem.Label</info>
                </control>
            </focusedlayout>
        </control>
        <control type="panel" id="920">
            <description>sub-content</description>
            <posx>260</posx>
            <posy>130</posy>
            <width>1000</width>
            <height>540</height>
            <viewtype>list</viewtype>
            <onleft>910</onleft>
            <onup>903</onup>
            <preloaditems>10</preloaditems>
            <ondown>-</ondown>
            <itemlayout width="250" height="180">
                <control type="image">
                    <posx>10</posx>
                    <posy>10</posy>
                    <width>208</width>
                    <height>117</height>        
                    <info>ListItem.Icon</info>
                    <aspectratio>stretch</aspectratio>
                </control>    
                <control type="label">
                    <posx>0</posx>
                    <posy>120</posy>
                    <width>208</width>
                    <height>60</height>   
                    <font>font16</font>
                    <textcolor>white</textcolor>
                    <shadowcolor>80000000</shadowcolor>
                    <align>center</align>
                    <aligny>center</aligny>
                    <info>ListItem.Label</info>
                </control>
                <control type="label">
                    <posx>170</posx>
                    <posy>107</posy>
                    <width>60</width>
                    <height>20</height>   
                    <font>font12</font>
                    <textcolor>blue</textcolor>
                    <align>left</align>
                    <aligny>center</aligny>
                    <info>ListItem.Label2</info>
                </control>
            </itemlayout>
            <focusedlayout width="250" height="180">
                <control type="image">
                    <posx>10</posx>
                    <posy>10</posy>
                    <width>208</width>
                    <height>117</height>        
                    <info>ListItem.Icon</info>
                    <aspectratio>stretch</aspectratio>
                </control>   
                <control type="image">
                    <posx>6</posx>
                    <posy>6</posy>
                    <width>216</width>
                    <height>125</height>        
                    <texture>border-other.png</texture>
                    <aspectratio>stretch</aspectratio>
                </control>     
                <control type="label">
                    <posx>0</posx>
                    <posy>120</posy>
                    <width>208</width>
                    <height>60</height>   
                    <font>font16</font>
                    <textcolor>ff0080ff</textcolor>
                    <shadowcolor>80000000</shadowcolor>
                    <align>center</align>
                    <aligny>center</aligny>
                    <info>ListItem.Label</info>
                </control>
                <control type="label">
                    <posx>170</posx>
                    <posy>107</posy>
                    <width>60</width>
                    <height>20</height>   
                    <font>font12</font>
                    <textcolor>blue</textcolor>
                    <align>left</align>
                    <aligny>center</aligny>
                    <info>ListItem.Label2</info>
                </control>
            </focusedlayout>
        </control>
    </controls>
</window>
