<?xml version="1.0" encoding="UTF-8" standalone="yes"?>
<addon id="plugin.audio.doubanfm"
    name="豆瓣调频"
    version="1.0.3"
    provider-name="yfang1644">
    <requires>
        <import addon="script.module.xbmcswift2" version="2.4.0"/>
    </requires>
    <extension point="xbmc.python.pluginsource" library="default.py">
        <provides>audio</provides>
    </extension>
    <extension point="xbmc.addon.metadata">
        <summary lang="en">DoubanFM plugin</summary>
        <summary lang="zh">豆瓣FM插件</summary>
        <description lang="zh">好听的音乐。 </description>
        <source>https://github.com/yfang1644/kodi_plugins/tree/master/plugin.audio.doubanfm</source>
		<email>yfang1644@gmail.com</email>
        <platform>all</platform>
    </extension>
</addon>
