<?xml version="1.0" encoding="UTF-8" standalone="yes"?>
<addon id="plugin.video.youku"
    name="优酷视频(YouKu)"
    version="1.0.0"
    provider-name="yfang1644">
    <requires>
    </requires>
    <extension point="xbmc.python.pluginsource" library="default.py">
        <provides>video</provides>
    </extension>
    <extension point="xbmc.addon.metadata">
        <summary lang="en">YouKu video plugin</summary>
        <summary lang="zh">优酷网视频插件</summary>
        <description lang="en">online video from youku.com</description>
        <description lang="zh">优酷(www.youku.com)在线网络视频</description>
        <source>https://github.com/yfang1644/kodi_plugins/tree/master/plugin.video.youku</source>
		<email>yfang1644@gmail.com</email>
        <platform>all</platform>
    </extension>
</addon>
