<?xml version="1.0" encoding="UTF-8" standalone="yes"?>
<addon id="plugin.video.baiduyun"
    name="百度云" version="0.2.9"
    provider-name="jackyspy,yfang1644">
    <requires>
        <import addon="script.module.xbmcswift2" version="2.4.0" optional="false"/>
        <import addon="script.module.chardet" version="2.1.1" optional="false"/>
       <import addon="script.thunder.player"  version="0.1.10" optional="false"/>
        <import addon="script.module.keyboard.chinese"  version="1.2.8" optional="false"/>
        <import addon="script.module.hdpparser"  version="0.1" optional="false"/>
    </requires>
    <extension point="xbmc.python.pluginsource" library="addon.py">
        <provides>video</provides>
    </extension>
    <extension point="xbmc.addon.metadata">
        <language></language>
        <summary lang="en">Baidu Cloud</summary>
        <summary lang="zh">百度云</summary>
        <description lang="en">Baidu Cloud</description>
        <description lang="zh">在线播放百度云盘中的视频</description>    
        <source>https://github.com/yfang1644/kodi_plugins/tree/master/plugin.video.baiduyun</source>
        <email>yfang1644@gmail.com</email>
        <platform>all</platform>
  </extension>
</addon>
