<?xml version="1.0" encoding="UTF-8" standalone="yes"?>
<addon id="plugin.video.bilibili2"
    name="哔哩哔哩(bilibili2)"
    version="0.2.9"
    provider-name="Syndim,yfang1644">
    <requires>
        <import addon="script.module.xbmcswift2" version="2.4.0"/>
        <import addon="plugin.video.cntv-video" version="1.0.6"/>
    </requires>
    <extension point="xbmc.python.pluginsource" library="addon.py">
        <provides>video</provides>
    </extension>
    <extension point="xbmc.addon.metadata">
        <platform>all</platform>
        <language></language>
        <summary>XBMC Bilibili Plugin</summary>
        <description>XBMC BiliBili Plugin</description>
        <source>https://github.com/yfang1644/kodi_plugins/plugin.video.bilibili2</source>
    </extension>
</addon>
