<?xml version="1.0" encoding="UTF-8" standalone="yes"?>
<addon id="plugin.video.yongjiu"
       name="永久资源"
       version="1.1.3"
       provider-name="yfang1644">
    <requires>
        <import addon="script.module.xbmcswift2" version="2.4.0"/>
        <import addon="script.module.beautifulsoup4" version="4.3.2"/>
        <import addon="script.module.geturl" version="1.0.0"/>
    </requires>
    <extension point="xbmc.python.pluginsource" library="default.py">
        <provides>video</provides>
    </extension>
    <extension point="xbmc.addon.metadata">
        <summary lang="zh-CN">永久资源视频</summary>
        <description>永久资源站, 每天更新最新的电影,最好看的资源</description>
        <forum></forum>
        <source>https://github.com/yfang1644/kodi_plugins/plugin.video.yongjiu</source>
		<email>yfang1644@gmail.com</email>
        <platform>all</platform>
  </extension>
</addon>
